Eleanor,Perkins
Heather,Riley
Fiona,Myers
Abraham,Ross
Kelvin,Ferguson
Julia,Higgins
Julian,Roberts
Kristian,Elliott
Chelsea,Barnes
Jenna,Elliott
Martin,Miller
Steven,Hawkins
Cherry,Wilson
Deanna,Robinson
Edwin,Grant
Miley,Dixon
Garry,Murray
Richard,Mason
Violet,Richardson
Paige,Stevens
Thomas,Hunt
Sophia,West
Amelia,Miller
Camila,Ross
John,Cameron
Tess,Andrews
Jared,Myers
Grace,Perkins
Jordan,Carroll
Sydney,Richardson
Arthur,Alexander
Lily,Allen
Justin,Payne
Edith,Wilson
Sophia,Martin
Aldus,Evans
Abigail,Harper
Valeria,Wright
Rubie,Myers
Cherry,Jones
Joyce,Murray
Oscar,Watson
Dale,Warren
Roman,Alexander
Daryl,Barrett
Justin,Davis
Tiana,Parker
Isabella,Hamilton
Tess,Thompson
George,Cunningham
